{"stats":{"minecraft:dropped":{"minecraft:wheat_seeds":1,"minecraft:oak_pressure_plate":2,"minecraft:mossy_cobblestone":3,"minecraft:crafting_table":1,"minecraft:oak_fence":2,"minecraft:leather":1,"unusualprehistory:tar_fossil_item":4,"minecraft:gray_wool":1,"minecraft:cornflower":2,"minecraft:mutton":3,"minecraft:melon_slice":1,"minecraft:oak_stairs":2,"animalium:wild_dog_pelt":1,"minecraft:string":2,"minecraft:white_wool":2,"minecraft:oak_door":2,"goodending:spicy_wildflowers":1,"minecraft:wheat":13,"minecraft:rotten_flesh":2,"minecraft:white_bed":1,"minecraft:spider_eye":1,"minecraft:arrow":2},"minecraft:used":{"minecraft:iron_shovel":62,"minecraft:flint_and_steel":11,"minecraft:chest":2,"dawnoftimebuilder:cypress":5,"minecraft:iron_sword":120,"vampirism:blood_container":2,"dynamictrees:oak_seed":10,"minecraft:iron_chestplate":1,"minecraft:torch":15,"minecraft:dirt":10,"minecraft:anvil":1,"vampirism:coffin_white":2,"minecraft:carrot":2,"minecraft:iron_hoe":59,"beautify:lamp_candelabra":2,"vampirism:item_tent":1,"minecraft:iron_axe":55,"minecraft:oak_stairs":22,"minecraft:iron_helmet":1,"minecraft:iron_boots":1,"minecraft:light_gray_wool":1,"minecraft:furnace":4,"minecraft:egg":1,"unusualprehistory:tar_bucket":1,"minecraft:iron_leggings":1,"minecraft:water_bucket":6,"vampirism:altar_inspiration":1,"minecraft:oak_planks":2,"minecraft:green_bed":3,"minecraft:sugar_cane":12,"minecraft:golden_apple":1,"minecraft:crafting_table":1,"minecraft:oak_log":3,"minecraft:apple":1,"travelersbackpack:bookshelf":3,"minecraft:melon_slice":24,"minecraft:bread":4,"minecraft:iron_pickaxe":162,"minecraft:gravel":8,"minecraft:cobblestone":32,"minecraft:bucket":7,"minecraft:chain":2},"minecraft:custom":{"minecraft:mob_kills":56,"minecraft:interact_with_anvil":3,"minecraft:animals_bred":11,"minecraft:interact_with_crafting_table":24,"minecraft:leave_game":1,"minecraft:time_since_death":139490,"minecraft:climb_one_cm":75,"minecraft:sprint_one_cm":320799,"vampirism:amount_bitten":147,"minecraft:walk_one_cm":367503,"vampirism:interact_with_totem":1,"vampirism:interact_with_coffin":9,"minecraft:drop":43,"vampirism:action_time_regen":399,"vampirism:skills_unlocked":3,"minecraft:play_time":139490,"vampirism:interact_with_altar_inspiration":28,"minecraft:sneak_time":832,"minecraft:walk_under_water_one_cm":11746,"minecraft:jump":1892,"minecraft:walk_on_water_one_cm":19841,"minecraft:total_world_time":139490,"vampirism:blood_drunk":29500,"vampirism:altar_of_inspiration_rituals_performed":7,"minecraft:interact_with_furnace":24,"vampirism:interact_with_research_table":1,"minecraft:pot_flower":1,"minecraft:sleep_in_bed":10,"vampirism:actions_used":1,"minecraft:time_since_rest":1595,"vampirism:action_used_regen":1,"minecraft:damage_taken":1439,"minecraft:damage_dealt":7043,"minecraft:swim_one_cm":3603,"minecraft:fly_one_cm":459387,"minecraft:open_chest":86,"minecraft:crouch_one_cm":1129,"minecraft:fall_one_cm":41072,"minecraft:horse_one_cm":78},"minecraft:mined":{"minecraft:white_bed":1,"minecraft:mossy_cobblestone":3,"minecraft:oak_door":1,"minecraft:grass_block":7,"travelersbackpack:bookshelf":1,"minecraft:hay_block":64,"minecraft:carrots":5,"dawnoftimebuilder:cypress":1,"minecraft:furnace":2,"minecraft:iron_ore":2,"minecraft:andesite":9,"minecraft:anvil":1,"vampirism:tent":1,"minecraft:oak_stairs":5,"minecraft:stripped_oak_log":16,"minecraft:potted_cornflower":1,"minecraft:stone":57,"minecraft:green_bed":3,"epicsamurai:spirit_stone_base":2,"minecraft:glass_pane":5,"minecraft:crafting_table":1,"minecraft:torch":3,"minecraft:emerald_ore":1,"vampirism:coffin_white":1,"minecraft:cobblestone":44,"minecraft:oak_planks":12,"minecraft:sugar_cane":6,"beautify:lamp_candelabra":2,"minecraft:blue_bed":1,"mca:cross_headstone":1,"minecraft:chain":2,"unusualprehistory:tar":8,"minecraft:grass":3,"minecraft:coal_ore":24,"minecraft:oak_log":7,"minecraft:gravel":9,"minecraft:sand":73,"minecraft:dirt":3,"unusualprehistory:splattered_tar":1},"minecraft:killed":{"animalium:wild_dog":6,"minecraft:spider":4,"animalium:rat":2,"iceandfire:stymphalian_bird":1,"minecraft:horse":3,"animalium:piranha":1,"vampirism:hunter":3,"minecraft:sheep":2,"minecraft:pillager":1,"minecraft:zombie":6,"unusualprehistory:sludge":1,"minecraft:cow":3},"minecraft:crafted":{"minecraft:oak_planks":188,"minecraft:furnace":2,"minecraft:flint_and_steel":1,"minecraft:glass":47,"vampirism:altar_inspiration":1,"minecraft:iron_hoe":1,"minecraft:chest":3,"minecraft:wheat":45,"minecraft:glass_bottle":9,"travelersbackpack:bookshelf":1,"travelersbackpack:backpack_tank":2,"travelersbackpack:standard":1,"minecraft:air":0,"minecraft:stick":4,"minecraft:iron_ingot":2,"minecraft:oak_stairs":28,"vampirism:coffin_white":1,"minecraft:iron_shovel":1,"vampirism:blood_container":2},"minecraft:picked_up":{"minecraft:crafting_table":2,"minecraft:wheat":7,"minecraft:flower_pot":1,"minecraft:anvil":1,"minecraft:oak_stairs":4,"minecraft:chain":2,"minecraft:cornflower":3,"minecraft:string":2,"dawnoftimebuilder:cypress":5,"minecraft:beef":12,"dynamictrees:oak_seed":10,"minecraft:light_gray_wool":1,"minecraft:melon_slice":1,"minecraft:sugar_cane":12,"minecraft:furnace":2,"minecraft:egg":2,"minecraft:stick":15,"unusualprehistory:tar_fossil_item":4,"minecraft:raw_iron":2,"minecraft:oak_door":2,"minecraft:copper_ingot":3,"minecraft:oak_fence":2,"minecraft:torch":10,"minecraft:green_bed":3,"beautify:lamp_candelabra":2,"minecraft:porkchop":11,"vampirism:vampire_fang":1,"minecraft:carrot":21,"minecraft:arrow":2,"minecraft:rotten_flesh":2,"minecraft:hay_block":63,"minecraft:mutton":14,"minecraft:cobblestone":105,"minecraft:white_wool":7,"minecraft:stripped_oak_log":16,"vampirism:item_tent":1,"minecraft:andesite":9,"minecraft:leather":11,"minecraft:flint":1,"minecraft:oak_log":34,"minecraft:blue_bed":1,"minecraft:dirt":10,"travelersbackpack:bookshelf":1,"minecraft:bone":1,"minecraft:apple":1,"minecraft:wheat_seeds":2,"minecraft:iron_ingot":4,"minecraft:iron_sword":1,"minecraft:oak_planks":12,"goodending:spicy_wildflowers":1,"minecraft:oak_pressure_plate":2,"minecraft:gravel":8,"minecraft:sand":73,"animalium:wild_dog_pelt":1,"minecraft:white_bed":1,"minecraft:spider_eye":1,"minecraft:mossy_cobblestone":3,"vampirism:blood_container":1,"minecraft:gray_wool":1,"minecraft:emerald":1,"minecraft:coal":56,"vampirism:coffin_white":1}},"DataVersion":3465}