{"stats":{"minecraft:used":{"minecraft:red_sand":1,"minecraft:stone_sword":64,"minecraft:stone_pickaxe":21,"minecraft:oak_planks":9,"minecraft:chest":2,"minecraft:wooden_pickaxe":8,"minecraft:shield":17,"minecraft:iron_sword":15,"dynamictrees:oak_seed":5,"minecraft:stone_hoe":18,"simpletomb:grave_key":2,"minecraft:torch":4,"minecraft:spyglass":26,"minecraft:mutton":1,"minecraft:dirt":16,"minecraft:crafting_table":8,"minecraft:white_bed":3,"minecraft:crossbow":3,"minecraft:chicken":1,"minecraft:bread":24,"iceandfire:crackled_dirt":5,"minecraft:iron_pickaxe":98,"minecraft:red_terracotta":1,"minecraft:stone_axe":77,"minecraft:cobblestone":17,"minecraft:oak_boat":2,"minecraft:egg":1,"minecraft:yellow_bed":2,"minecraft:gray_wool":1,"minecraft:orange_terracotta":6},"minecraft:crafted":{"minecraft:oak_planks":120,"minecraft:crafting_table":1,"minecraft:spruce_planks":16,"minecraft:wooden_pickaxe":1,"minecraft:iron_helmet":1,"minecraft:iron_sword":1,"minecraft:stone_axe":1,"minecraft:bread":51,"minecraft:oak_boat":2,"minecraft:shield":1,"minecraft:stick":8,"minecraft:stone_pickaxe":1,"minecraft:iron_pickaxe":1,"minecraft:stone_sword":1,"minecraft:chest":2,"minecraft:white_bed":1,"minecraft:torch":4,"minecraft:stone_hoe":1,"minecraft:wheat":153},"minecraft:killed":{"minecraft:iron_golem":2,"minecraft:sheep":4,"minecraft:pillager":6,"animalium:piranha":1,"minecraft:chicken":1,"minecraft:drowned":1},"minecraft:killed_by":{"minecraft:creeper":1,"animalium:bear":1},"minecraft:dropped":{"minecraft:wheat_seeds":1,"dawnoftimebuilder:camellia_leaves":2,"minecraft:feather":2,"iceandfire:crackled_gravel":5,"minecraft:leather_helmet":2,"minecraft:leather_chestplate":1,"minecraft:andesite":1,"vampirism:crucifix_normal":1,"minecraft:pumpkin_pie":3,"minecraft:red_sand":3,"minecraft:wooden_pickaxe":3},"minecraft:custom":{"minecraft:mob_kills":15,"minecraft:interact_with_crafting_table":18,"vampirism:interact_with_research_table":1,"minecraft:open_barrel":3,"vampirism:interact_with_garlic_diffuser":1,"minecraft:leave_game":3,"minecraft:time_since_death":55795,"minecraft:sleep_in_bed":5,"minecraft:climb_one_cm":3859,"minecraft:time_since_rest":12191,"minecraft:sprint_one_cm":217498,"minecraft:damage_taken":1530,"minecraft:walk_one_cm":188100,"minecraft:damage_blocked_by_shield":610,"minecraft:drop":18,"minecraft:damage_dealt":3956,"minecraft:swim_one_cm":6688,"minecraft:fly_one_cm":348421,"minecraft:open_chest":39,"minecraft:play_time":75008,"minecraft:crouch_one_cm":14355,"minecraft:sneak_time":3858,"minecraft:deaths":2,"minecraft:walk_under_water_one_cm":2470,"minecraft:boat_one_cm":37090,"minecraft:interact_with_lectern":1,"minecraft:jump":1427,"minecraft:walk_on_water_one_cm":6634,"minecraft:total_world_time":75008,"minecraft:fall_one_cm":35624},"minecraft:mined":{"minecraft:white_bed":2,"minecraft:candle":1,"minecraft:orange_terracotta":54,"minecraft:brewing_stand":1,"iceandfire:crackled_gravel":18,"minecraft:crafting_table":7,"minecraft:red_sand":7,"minecraft:grass_block":7,"minecraft:melon":7,"minecraft:chest":1,"minecraft:cobblestone":6,"minecraft:lapis_ore":2,"minecraft:oak_planks":4,"minecraft:kelp":3,"iceandfire:crackled_cobblestone":1,"minecraft:hay_block":17,"minecraft:red_terracotta":4,"minecraft:spruce_log":2,"minecraft:stripped_spruce_log":2,"minecraft:andesite":1,"minecraft:yellow_bed":2,"iceandfire:crackled_dirt":9,"minecraft:gold_block":1,"minecraft:grass":2,"minecraft:bookshelf":23,"minecraft:oak_log":18,"minecraft:coal_ore":1,"minecraft:oak_stairs":8,"minecraft:dirt":9,"minecraft:stripped_oak_log":2,"minecraft:stone":23,"minecraft:stone_bricks":1,"minecraft:oak_leaves":4},"minecraft:picked_up":{"minecraft:stripped_oak_log":2,"minecraft:crafting_table":7,"minecraft:feather":2,"minecraft:chicken":1,"minecraft:andesite":1,"minecraft:leather":2,"minecraft:wooden_pickaxe":2,"minecraft:oak_stairs":8,"minecraft:gold_block":1,"minecraft:oak_log":28,"dawnoftimebuilder:camellia_leaves":2,"minecraft:brewing_stand":1,"minecraft:yellow_bed":2,"minecraft:lapis_lazuli":10,"iceandfire:manuscript":5,"minecraft:dirt":16,"minecraft:orange_terracotta":52,"minecraft:apple":1,"minecraft:stone_bricks":1,"minecraft:wheat_seeds":1,"minecraft:red_sand":6,"minecraft:candle":2,"minecraft:iron_ingot":20,"dynamictrees:oak_seed":5,"minecraft:poppy":4,"minecraft:melon_slice":34,"minecraft:oak_planks":4,"minecraft:egg":1,"minecraft:book":69,"minecraft:stick":22,"iceandfire:crackled_dirt":9,"vampirism:crucifix_normal":1,"iceandfire:crackled_gravel":5,"minecraft:stripped_spruce_log":2,"minecraft:white_bed":2,"minecraft:spruce_log":2,"minecraft:red_terracotta":4,"minecraft:leather_helmet":2,"minecraft:arrow":7,"minecraft:hay_block":17,"minecraft:gray_wool":1,"minecraft:emerald":1,"minecraft:oak_sapling":1,"minecraft:mutton":7,"minecraft:coal":1,"minecraft:white_wool":3,"minecraft:cobblestone":31}},"DataVersion":3465}