{"stats":{"minecraft:dropped":{"minecraft:birch_planks":1,"minecraft:wheat_seeds":2,"minecraft:oak_pressure_plate":8,"minecraft:dark_oak_sapling":1,"simpletomb:grave_key":2,"minecraft:oak_fence":6,"animalium:piranha_steak":1,"minecraft:spruce_stairs":10,"minecraft:torch":1,"minecraft:cornflower":2,"minecraft:wooden_axe":1,"minecraft:pink_petals":4,"minecraft:stone_axe":1,"minecraft:stone_sword":2,"minecraft:white_carpet":1,"minecraft:spruce_planks":4,"minecraft:iron_bars":1,"minecraft:wooden_pickaxe":1,"minecraft:stone_pickaxe":1},"minecraft:crafted":{"minecraft:oak_planks":48,"minecraft:dark_oak_boat":2,"minecraft:birch_boat":3,"minecraft:furnace":2,"minecraft:cooked_mutton":4,"travelersbackpack:white_sleeping_bag":1,"minecraft:iron_boots":1,"minecraft:stone_pickaxe":1,"minecraft:chest":3,"iceandfire:armor_silver_metal_boots":1,"minecraft:dark_oak_planks":60,"iceandfire:silver_ingot":6,"minecraft:crafting_table":5,"minecraft:spruce_planks":4,"minecraft:wooden_pickaxe":1,"minecraft:iron_helmet":1,"minecraft:iron_sword":1,"minecraft:bucket":1,"minecraft:birch_planks":20,"minecraft:stone_axe":1,"minecraft:air":0,"minecraft:oak_boat":2,"minecraft:shield":1,"minecraft:stick":16,"minecraft:iron_ingot":14,"minecraft:iron_pickaxe":1,"minecraft:wooden_axe":1,"minecraft:stone_sword":1,"minecraft:torch":4},"minecraft:picked_up":{"iceandfire:dragon_skull_lightning":1,"minecraft:crafting_table":11,"minecraft:flower_pot":1,"minecraft:anvil":1,"minecraft:oak_stairs":3,"minecraft:brewing_stand":3,"minecraft:cornflower":3,"minecraft:white_carpet":2,"dawnoftimebuilder:maize":20,"minecraft:candle":2,"dynamictrees:oak_seed":4,"minecraft:spruce_slab":1,"minecraft:melon_slice":94,"minecraft:chest":1,"minecraft:furnace":4,"minecraft:dark_oak_sapling":1,"minecraft:raw_iron":14,"minecraft:stick":32,"iceandfire:dragonbone":22,"minecraft:oak_fence":6,"minecraft:torch":3,"minecraft:spruce_stairs":10,"minecraft:stone_sword":1,"minecraft:arrow":2,"dawnoftimebuilder:maple_red_sapling":1,"minecraft:mutton":9,"minecraft:iron_bars":2,"minecraft:skeleton_skull":1,"minecraft:white_wool":6,"minecraft:cobblestone":82,"minecraft:birch_log":5,"minecraft:pink_petals":4,"minecraft:andesite":1,"minecraft:dark_oak_boat":1,"minecraft:potato":107,"minecraft:oak_log":12,"iceandfire:ectoplasm":3,"animalium:piranha_steak":1,"simpletomb:grave_key":1,"minecraft:blue_bed":5,"minecraft:diorite_stairs":7,"minecraft:dirt":11,"minecraft:wheat_seeds":2,"dynamictrees:birch_seed":2,"minecraft:oak_planks":6,"beautify:hanging_pot":3,"minecraft:book":6,"iceandfire:ash":3,"minecraft:oak_pressure_plate":8,"dawnoftimebuilder:geranium_pink":1,"minecraft:spruce_log":1,"minecraft:dark_oak_log":15,"travelersbackpack:white_sleeping_bag":7,"minecraft:iron_hoe":1,"minecraft:stone_axe":1,"minecraft:bone_meal":10,"minecraft:emerald":3,"minecraft:coal":65,"iceandfire:raw_silver":6},"minecraft:custom":{"minecraft:mob_kills":16,"minecraft:interact_with_crafting_table":38,"minecraft:open_barrel":10,"minecraft:leave_game":7,"minecraft:time_since_death":9286,"minecraft:climb_one_cm":2760,"minecraft:sprint_one_cm":427321,"minecraft:walk_one_cm":359019,"minecraft:damage_blocked_by_shield":165,"minecraft:drop":39,"minecraft:play_time":125331,"minecraft:deaths":5,"minecraft:sneak_time":2212,"minecraft:walk_under_water_one_cm":20753,"minecraft:boat_one_cm":190485,"minecraft:jump":3055,"minecraft:walk_on_water_one_cm":14348,"minecraft:total_world_time":125331,"minecraft:interact_with_furnace":24,"minecraft:interact_with_cartography_table":1,"minecraft:pot_flower":1,"minecraft:sleep_in_bed":7,"minecraft:time_since_rest":8900,"minecraft:damage_taken":2470,"minecraft:trigger_trapped_chest":1,"minecraft:damage_dealt":2925,"minecraft:swim_one_cm":21297,"minecraft:fly_one_cm":715161,"minecraft:open_chest":39,"minecraft:crouch_one_cm":7135,"minecraft:fall_one_cm":59517},"minecraft:used":{"minecraft:diorite_stairs":7,"minecraft:stone_sword":29,"minecraft:iron_bars":1,"minecraft:chest":4,"minecraft:shield":8,"minecraft:iron_sword":22,"dynamictrees:oak_seed":4,"simpletomb:grave_key":46,"minecraft:torch":4,"minecraft:dirt":11,"minecraft:anvil":1,"minecraft:white_carpet":1,"dawnoftimebuilder:maple_red_sapling":1,"minecraft:dark_oak_planks":12,"minecraft:wooden_axe":16,"dynamictrees:birch_seed":2,"minecraft:iron_boots":1,"minecraft:dark_oak_boat":3,"minecraft:furnace":6,"minecraft:cooked_mutton":4,"minecraft:water_bucket":5,"minecraft:stone_pickaxe":109,"minecraft:oak_planks":15,"minecraft:wooden_pickaxe":6,"minecraft:birch_boat":3,"minecraft:blue_bed":5,"iceandfire:armor_silver_metal_boots":1,"minecraft:crafting_table":14,"minecraft:crossbow":5,"minecraft:flower_pot":1,"dawnoftimebuilder:maize":16,"minecraft:bread":2,"minecraft:melon_slice":45,"minecraft:iron_pickaxe":144,"travelersbackpack:white_sleeping_bag":7,"iceandfire:ash":3,"minecraft:stone_axe":60,"minecraft:cobblestone":55,"minecraft:bucket":6,"minecraft:oak_boat":2,"dawnoftimebuilder:geranium_pink":1},"minecraft:killed":{"animalium:piranha":4,"minecraft:sheep":6,"minecraft:pillager":2,"iceandfire:ghost":4},"minecraft:killed_by":{"iceandfire:siren":1,"laendli_transport:slabcrab":1,"animalium:piranha":1,"animalium:bear":1,"iceandfire:fire_dragon":1},"minecraft:mined":{"iceandfire:silver_ore":6,"minecraft:dark_oak_leaves":3,"minecraft:candle":1,"minecraft:dark_oak_log":16,"minecraft:brewing_stand":3,"minecraft:grass_block":13,"minecraft:oak_pressure_plate":2,"travelersbackpack:white_sleeping_bag":7,"iceandfire:chared_dirt":1,"minecraft:diorite_stairs":7,"dawnoftimebuilder:wild_maize":20,"dynamictrees:oak_leaves":1,"dawnoftimebuilder:geranium_pink":1,"minecraft:furnace":4,"minecraft:iron_ore":14,"minecraft:fire":6,"minecraft:andesite":1,"minecraft:anvil":1,"minecraft:bookshelf":2,"minecraft:potatoes":30,"iceandfire:gold_pile":5,"minecraft:vine":1,"minecraft:oak_stairs":3,"minecraft:iron_bars":2,"minecraft:packed_ice":81,"minecraft:potted_cornflower":1,"minecraft:stone":82,"minecraft:spruce_slab":1,"dynamictrees:jungle_leaves":1,"minecraft:glass_pane":4,"minecraft:oak_fence":2,"minecraft:crafting_table":11,"minecraft:emerald_ore":2,"minecraft:melon":22,"minecraft:chest":1,"minecraft:tall_grass":1,"minecraft:cobblestone":2,"minecraft:oak_planks":6,"minecraft:blue_bed":5,"minecraft:pink_petals":2,"minecraft:skeleton_skull":1,"minecraft:spruce_stairs":6,"minecraft:white_carpet":2,"minecraft:spruce_log":1,"minecraft:birch_leaves":8,"iceandfire:ash":1,"minecraft:grass":17,"minecraft:oak_log":1,"minecraft:coal_ore":63,"minecraft:dirt":3,"minecraft:fern":3}},"DataVersion":3465}