{"stats":{"minecraft:killed":{"minecraft:sheep":6,"minecraft:pillager":2,"iceandfire:ghost":4},"minecraft:custom":{"minecraft:interact_with_furnace":22,"minecraft:mob_kills":12,"minecraft:interact_with_crafting_table":29,"minecraft:interact_with_cartography_table":1,"minecraft:open_barrel":10,"minecraft:leave_game":2,"minecraft:time_since_death":49447,"minecraft:sleep_in_bed":3,"minecraft:climb_one_cm":2760,"minecraft:time_since_rest":8756,"minecraft:sprint_one_cm":181219,"minecraft:damage_taken":992,"minecraft:walk_one_cm":194858,"minecraft:damage_blocked_by_shield":145,"minecraft:trigger_trapped_chest":1,"minecraft:drop":15,"minecraft:damage_dealt":2349,"minecraft:swim_one_cm":3482,"minecraft:fly_one_cm":298147,"minecraft:open_chest":20,"minecraft:crouch_one_cm":6499,"minecraft:play_time":63581,"minecraft:deaths":2,"minecraft:sneak_time":1914,"minecraft:walk_under_water_one_cm":4230,"minecraft:boat_one_cm":71955,"minecraft:jump":1328,"minecraft:walk_on_water_one_cm":2356,"minecraft:total_world_time":63581,"minecraft:fall_one_cm":27173},"minecraft:mined":{"iceandfire:silver_ore":6,"minecraft:dark_oak_leaves":3,"minecraft:dark_oak_log":16,"minecraft:brewing_stand":3,"minecraft:crafting_table":7,"minecraft:emerald_ore":2,"minecraft:grass_block":3,"minecraft:melon":22,"travelersbackpack:white_sleeping_bag":4,"iceandfire:chared_dirt":1,"minecraft:oak_planks":2,"minecraft:pink_petals":2,"minecraft:skeleton_skull":1,"dawnoftimebuilder:geranium_pink":1,"minecraft:furnace":4,"minecraft:iron_ore":14,"minecraft:fire":6,"minecraft:white_carpet":1,"minecraft:birch_leaves":8,"iceandfire:ash":1,"minecraft:anvil":1,"minecraft:grass":8,"minecraft:potatoes":30,"minecraft:bookshelf":2,"minecraft:coal_ore":63,"minecraft:oak_log":1,"iceandfire:gold_pile":5,"minecraft:vine":1,"minecraft:iron_bars":2,"minecraft:dirt":2,"minecraft:stone":81,"minecraft:fern":3,"dynamictrees:jungle_leaves":1},"minecraft:killed_by":{"laendli_transport:slabcrab":1,"iceandfire:fire_dragon":1},"minecraft:dropped":{"minecraft:stone_axe":1,"minecraft:wheat_seeds":1,"minecraft:stone_sword":2,"minecraft:dark_oak_sapling":1,"simpletomb:grave_key":2,"minecraft:wooden_axe":1,"minecraft:iron_bars":1,"minecraft:stone_pickaxe":1,"minecraft:wooden_pickaxe":1,"minecraft:pink_petals":4},"minecraft:used":{"minecraft:cooked_mutton":2,"minecraft:water_bucket":2,"minecraft:iron_bars":1,"minecraft:stone_sword":29,"minecraft:stone_pickaxe":109,"minecraft:oak_planks":15,"minecraft:shield":5,"minecraft:wooden_pickaxe":6,"minecraft:iron_sword":12,"dynamictrees:oak_seed":4,"simpletomb:grave_key":1,"minecraft:torch":3,"iceandfire:armor_silver_metal_boots":1,"minecraft:dirt":1,"minecraft:white_carpet":1,"minecraft:crafting_table":8,"dawnoftimebuilder:maple_red_sapling":1,"minecraft:dark_oak_planks":12,"minecraft:wooden_axe":16,"minecraft:bread":2,"minecraft:melon_slice":29,"minecraft:iron_pickaxe":99,"travelersbackpack:white_sleeping_bag":4,"iceandfire:ash":3,"minecraft:stone_axe":37,"minecraft:cobblestone":55,"minecraft:furnace":4,"minecraft:bucket":3,"minecraft:oak_boat":2,"dawnoftimebuilder:geranium_pink":1},"minecraft:crafted":{"minecraft:oak_planks":48,"iceandfire:silver_ingot":6,"minecraft:crafting_table":3,"minecraft:wooden_pickaxe":1,"minecraft:iron_helmet":1,"minecraft:iron_sword":1,"minecraft:furnace":2,"minecraft:bucket":1,"minecraft:stone_axe":1,"minecraft:cooked_mutton":4,"minecraft:air":0,"minecraft:oak_boat":2,"travelersbackpack:white_sleeping_bag":1,"minecraft:shield":1,"minecraft:stick":16,"minecraft:iron_ingot":14,"minecraft:iron_pickaxe":1,"minecraft:stone_pickaxe":1,"minecraft:wooden_axe":1,"minecraft:stone_sword":1,"iceandfire:armor_silver_metal_boots":1,"minecraft:dark_oak_planks":60,"minecraft:torch":4},"minecraft:picked_up":{"iceandfire:dragon_skull_lightning":1,"minecraft:pink_petals":4,"minecraft:crafting_table":7,"minecraft:anvil":1,"minecraft:potato":107,"minecraft:oak_log":12,"iceandfire:ectoplasm":3,"minecraft:brewing_stand":3,"simpletomb:grave_key":1,"minecraft:dirt":1,"minecraft:white_carpet":1,"minecraft:wheat_seeds":1,"dynamictrees:oak_seed":4,"minecraft:melon_slice":94,"minecraft:oak_planks":2,"minecraft:furnace":4,"minecraft:book":6,"minecraft:stick":21,"minecraft:dark_oak_sapling":1,"iceandfire:dragonbone":22,"minecraft:raw_iron":14,"iceandfire:ash":3,"minecraft:torch":2,"dawnoftimebuilder:geranium_pink":1,"minecraft:dark_oak_log":15,"travelersbackpack:white_sleeping_bag":4,"minecraft:stone_sword":1,"minecraft:arrow":2,"minecraft:stone_axe":1,"dawnoftimebuilder:maple_red_sapling":1,"minecraft:emerald":3,"iceandfire:raw_silver":6,"minecraft:skeleton_skull":1,"minecraft:mutton":9,"minecraft:coal":65,"minecraft:iron_bars":2,"minecraft:white_wool":6,"minecraft:cobblestone":79}},"DataVersion":3465}