{"stats":{"minecraft:mined":{"minecraft:deepslate_redstone_ore":13,"iceandfire:silver_ore":25,"minecraft:amethyst_cluster":3,"minecraft:crafting_table":3,"minecraft:granite":9,"minecraft:budding_amethyst":1,"minecraft:emerald_ore":1,"epicsamurai:silver_ore":11,"unusualprehistory:plant_fossil":32,"minecraft:copper_ore":8,"minecraft:cobblestone":6,"minecraft:deepslate_gold_ore":6,"minecraft:lapis_ore":11,"minecraft:diorite":2,"minecraft:wall_torch":2,"minecraft:amethyst_block":9,"epicsamurai:onyx_ore":8,"epicsamurai:deepslate_jade_ore":6,"minecraft:furnace":1,"epicsamurai:aquamarine_ore":3,"minecraft:birch_log":3,"minecraft:iron_ore":56,"unusualprehistory:stone_fossil":16,"minecraft:andesite":2,"minecraft:deepslate_lapis_ore":4,"minecraft:bee_nest":1,"minecraft:coal_ore":93,"minecraft:oak_log":9,"minecraft:deepslate_iron_ore":17,"minecraft:small_amethyst_bud":1,"minecraft:stone":62,"epicsamurai:ruby_ore":5,"minecraft:deepslate":199},"minecraft:picked_up":{"minecraft:birch_log":5,"minecraft:crafting_table":3,"minecraft:feather":5,"minecraft:chicken":4,"minecraft:andesite":7,"minecraft:brown_wool":1,"minecraft:leather":11,"minecraft:wooden_pickaxe":1,"minecraft:oak_log":34,"minecraft:amethyst_block":9,"minecraft:lapis_lazuli":90,"minecraft:string":1,"minecraft:raw_copper":30,"epicsamurai:jade":6,"minecraft:bone":2,"minecraft:cobbled_deepslate":196,"minecraft:raw_gold":6,"dynamictrees:birch_seed":1,"minecraft:beef":19,"unusualprehistory:plant_fossil_item":32,"dynamictrees:oak_seed":14,"epicsamurai:aquamarine":3,"epicsamurai:raw_silver":11,"minecraft:furnace":1,"minecraft:egg":3,"epicsamurai:onyx":8,"minecraft:raw_iron":73,"minecraft:stick":53,"minecraft:torch":5,"minecraft:porkchop":15,"minecraft:sand":16,"minecraft:amethyst_shard":12,"iceandfire:rotten_egg":1,"minecraft:diorite":2,"minecraft:redstone":59,"minecraft:spider_eye":1,"travelersbackpack:standard":1,"minecraft:arrow":1,"minecraft:rotten_flesh":2,"minecraft:granite":9,"minecraft:emerald":1,"animalium:rat_meat":2,"epicsamurai:ruby":5,"unusualprehistory:mezo_fossil":16,"minecraft:mutton":7,"minecraft:coal":93,"iceandfire:raw_silver":25,"minecraft:white_wool":3,"minecraft:cobblestone":67},"minecraft:broken":{"minecraft:stone_pickaxe":3},"minecraft:killed":{"minecraft:pig":7,"minecraft:spider":1,"minecraft:bat":1,"animalium:rat":2,"minecraft:sheep":4,"minecraft:skeleton":1,"minecraft:chicken":4,"minecraft:cow":10},"minecraft:crafted":{"minecraft:cooked_beef":19,"minecraft:oak_planks":16,"minecraft:cooked_porkchop":6,"iceandfire:silver_ingot":7,"minecraft:crafting_table":1,"minecraft:wooden_pickaxe":1,"minecraft:furnace":1,"minecraft:birch_planks":12,"minecraft:stone_axe":1,"minecraft:cooked_mutton":7,"minecraft:air":0,"minecraft:glass":3,"minecraft:iron_boots":1,"minecraft:iron_chestplate":1,"iceandfire:armor_silver_metal_leggings":1,"minecraft:iron_ingot":37,"minecraft:iron_pickaxe":2,"minecraft:stone_pickaxe":3,"minecraft:chest":2,"minecraft:white_bed":1,"minecraft:torch":92},"minecraft:dropped":{"minecraft:cooked_porkchop":6,"minecraft:rotten_flesh":2,"minecraft:leather":11,"minecraft:torch":10,"animalium:rat_meat":2,"minecraft:wooden_pickaxe":2},"minecraft:custom":{"minecraft:interact_with_smithing_table":1,"minecraft:interact_with_furnace":32,"minecraft:mob_kills":30,"minecraft:interact_with_crafting_table":19,"minecraft:leave_game":1,"minecraft:time_since_death":99276,"minecraft:sleep_in_bed":3,"minecraft:time_since_rest":55604,"minecraft:sprint_one_cm":227833,"minecraft:damage_taken":234,"minecraft:walk_one_cm":283857,"minecraft:drop":10,"minecraft:damage_dealt":2956,"minecraft:swim_one_cm":239,"minecraft:fly_one_cm":139474,"minecraft:open_chest":38,"minecraft:crouch_one_cm":4337,"minecraft:play_time":99276,"minecraft:sneak_time":1421,"minecraft:walk_under_water_one_cm":2762,"minecraft:jump":988,"minecraft:interact_with_blast_furnace":9,"minecraft:walk_on_water_one_cm":5474,"minecraft:total_world_time":99276,"minecraft:fall_one_cm":17992},"minecraft:used":{"minecraft:cooked_mutton":7,"minecraft:diorite":2,"minecraft:stone_pickaxe":393,"minecraft:chest":2,"minecraft:wooden_pickaxe":5,"minecraft:iron_sword":44,"minecraft:torch":86,"minecraft:crafting_table":4,"minecraft:white_bed":1,"minecraft:granite":2,"minecraft:iron_pickaxe":213,"minecraft:iron_helmet":1,"minecraft:stone_axe":27,"minecraft:cobblestone":2,"travelersbackpack:standard":1,"minecraft:furnace":2,"minecraft:cooked_beef":2,"minecraft:cobbled_deepslate":12}},"DataVersion":3465}