{"stats":{"minecraft:dropped":{"minecraft:stone_axe":1,"dynamictrees:oak_seed":8,"simpletomb:grave_key":1,"minecraft:oak_planks":7,"animalium:piranha_steak":6,"minecraft:dirt":1,"minecraft:wooden_axe":1,"iceandfire:ash":2,"animalium:rat_meat":1,"minecraft:string":1,"minecraft:firework_rocket":2},"minecraft:crafted":{"minecraft:oak_planks":52,"minecraft:cooked_porkchop":14,"minecraft:crafting_table":2,"minecraft:iron_helmet":1,"minecraft:wooden_pickaxe":1,"minecraft:furnace":1,"minecraft:mangrove_planks":12,"minecraft:bucket":1,"minecraft:bread":67,"minecraft:air":0,"minecraft:oak_boat":2,"minecraft:iron_boots":1,"minecraft:iron_chestplate":1,"minecraft:shield":1,"minecraft:iron_axe":1,"minecraft:stick":16,"minecraft:iron_ingot":60,"minecraft:iron_pickaxe":1,"minecraft:stone_pickaxe":1,"minecraft:wooden_axe":1,"minecraft:chest":1,"minecraft:iron_leggings":1,"minecraft:oak_button":1,"minecraft:white_bed":2,"minecraft:dark_oak_planks":24,"minecraft:torch":36,"minecraft:wheat":189},"minecraft:picked_up":{"minecraft:crafting_table":6,"minecraft:feather":2,"minecraft:glow_ink_sac":5,"minecraft:andesite":1,"minecraft:leather":6,"minecraft:oak_log":34,"animalium:piranha_steak":6,"minecraft:stripped_mangrove_log":3,"minecraft:dirt":10,"minecraft:string":1,"epicsamurai:jade":11,"dawnoftimebuilder:maize":1,"minecraft:cobbled_deepslate":1,"minecraft:oak_boat":1,"dynamictrees:oak_seed":14,"minecraft:furnace":1,"minecraft:book":18,"minecraft:stick":37,"minecraft:raw_iron":83,"iceandfire:ash":2,"minecraft:torch":2,"minecraft:sand":18,"minecraft:porkchop":14,"minecraft:blast_furnace":2,"minecraft:diorite":1,"minecraft:white_bed":11,"minecraft:dark_oak_log":9,"minecraft:arrow":3,"minecraft:rotten_flesh":5,"minecraft:diamond":1,"minecraft:hay_block":45,"animalium:rat_meat":1,"minecraft:emerald":1,"minecraft:mutton":10,"minecraft:coal":55,"minecraft:white_wool":6,"minecraft:cobblestone":72},"minecraft:used":{"minecraft:water_bucket":1,"minecraft:stone_pickaxe":45,"minecraft:oak_planks":12,"minecraft:wooden_pickaxe":3,"minecraft:chest":1,"minecraft:shield":10,"minecraft:iron_sword":87,"minecraft:rotten_flesh":1,"minecraft:torch":25,"minecraft:dirt":4,"minecraft:spyglass":3,"minecraft:mutton":5,"minecraft:crafting_table":8,"minecraft:blast_furnace":2,"minecraft:white_bed":13,"minecraft:wooden_axe":27,"minecraft:dark_oak_planks":12,"minecraft:firework_rocket":3,"minecraft:dark_oak_log":2,"minecraft:bread":65,"minecraft:iron_axe":24,"minecraft:iron_pickaxe":185,"minecraft:cobblestone":61,"minecraft:stone_axe":8,"minecraft:hay_block":1,"minecraft:furnace":2,"minecraft:bucket":1,"minecraft:oak_boat":2},"minecraft:custom":{"minecraft:interact_with_smithing_table":1,"minecraft:interact_with_furnace":10,"minecraft:mob_kills":51,"minecraft:interact_with_crafting_table":41,"minecraft:leave_game":4,"minecraft:time_since_death":136769,"minecraft:sleep_in_bed":10,"minecraft:climb_one_cm":8164,"minecraft:time_since_rest":7631,"minecraft:sprint_one_cm":559000,"minecraft:damage_taken":2557,"minecraft:walk_one_cm":359109,"minecraft:damage_blocked_by_shield":300,"vampirism:interact_with_totem":1,"minecraft:drop":19,"minecraft:damage_dealt":5040,"minecraft:swim_one_cm":19055,"minecraft:fly_one_cm":640490,"minecraft:open_chest":50,"minecraft:crouch_one_cm":5525,"minecraft:play_time":141532,"minecraft:sneak_time":2198,"minecraft:deaths":1,"minecraft:walk_under_water_one_cm":11824,"minecraft:boat_one_cm":52962,"minecraft:interact_with_brewingstand":1,"minecraft:jump":3580,"minecraft:interact_with_blast_furnace":28,"minecraft:walk_on_water_one_cm":33996,"minecraft:total_world_time":141532,"minecraft:fall_one_cm":90088},"minecraft:killed":{"mowziesmobs:grottol":1,"minecraft:pig":7,"minecraft:spider":1,"animalium:rat":1,"minecraft:skeleton":1,"minecraft:sheep":6,"minecraft:pillager":3,"minecraft:zombie":2,"animalium:piranha":12,"minecraft:chicken":3,"minecraft:cow":4},"minecraft:mined":{"epicsamurai:jade_ore":11,"minecraft:white_bed":11,"minecraft:glass_pane":1,"minecraft:dark_oak_leaves":2,"minecraft:stripped_mangrove_log":3,"minecraft:dark_oak_log":10,"minecraft:crafting_table":6,"minecraft:blast_furnace":2,"minecraft:grass_block":6,"minecraft:cobblestone":8,"minecraft:diorite":1,"minecraft:wall_torch":1,"dawnoftimebuilder:wild_maize":1,"minecraft:hay_block":45,"dynamictrees:oak_leaves":2,"minecraft:furnace":1,"minecraft:birch_log":2,"minecraft:iron_ore":72,"minecraft:birch_leaves":4,"minecraft:andesite":1,"minecraft:grass":8,"minecraft:bookshelf":6,"minecraft:coal_ore":55,"minecraft:deepslate_iron_ore":11,"minecraft:sand":21,"minecraft:stone":63,"minecraft:deepslate":1}},"DataVersion":3465}