{"stats":{"minecraft:killed":{"mowziesmobs:grottol":1,"minecraft:pig":7,"minecraft:spider":1,"animalium:rat":1,"minecraft:skeleton":1,"minecraft:sheep":3,"minecraft:pillager":3,"minecraft:zombie":1},"minecraft:custom":{"minecraft:interact_with_furnace":4,"minecraft:mob_kills":18,"minecraft:interact_with_crafting_table":30,"minecraft:leave_game":2,"minecraft:time_since_death":61249,"minecraft:sleep_in_bed":4,"minecraft:time_since_rest":9135,"minecraft:sprint_one_cm":206231,"minecraft:damage_taken":926,"minecraft:walk_one_cm":195434,"minecraft:damage_blocked_by_shield":300,"minecraft:drop":3,"minecraft:damage_dealt":2514,"minecraft:swim_one_cm":1985,"minecraft:fly_one_cm":251465,"minecraft:open_chest":33,"minecraft:crouch_one_cm":826,"minecraft:play_time":66012,"minecraft:sneak_time":558,"minecraft:deaths":1,"minecraft:walk_under_water_one_cm":2325,"minecraft:jump":1530,"minecraft:interact_with_blast_furnace":24,"minecraft:walk_on_water_one_cm":17584,"minecraft:total_world_time":66012,"minecraft:fall_one_cm":34987},"minecraft:mined":{"minecraft:white_bed":4,"minecraft:dark_oak_leaves":2,"minecraft:stripped_mangrove_log":3,"minecraft:dark_oak_log":10,"minecraft:crafting_table":3,"minecraft:blast_furnace":2,"minecraft:cobblestone":8,"minecraft:diorite":1,"minecraft:hay_block":21,"dynamictrees:oak_leaves":1,"minecraft:furnace":1,"minecraft:birch_log":2,"minecraft:iron_ore":49,"minecraft:andesite":1,"minecraft:birch_leaves":4,"minecraft:grass":6,"minecraft:bookshelf":6,"minecraft:coal_ore":10,"minecraft:deepslate_iron_ore":11,"minecraft:stone":37,"minecraft:deepslate":1},"minecraft:used":{"minecraft:stone_pickaxe":45,"minecraft:wooden_pickaxe":3,"minecraft:chest":1,"minecraft:shield":10,"minecraft:iron_sword":27,"minecraft:rotten_flesh":1,"minecraft:torch":24,"minecraft:mutton":5,"minecraft:crafting_table":4,"minecraft:blast_furnace":1,"minecraft:white_bed":4,"minecraft:wooden_axe":27,"minecraft:dark_oak_planks":12,"minecraft:dark_oak_log":2,"minecraft:bread":19,"minecraft:iron_pickaxe":78,"minecraft:stone_axe":8,"minecraft:cobblestone":30,"minecraft:furnace":1},"minecraft:dropped":{"minecraft:stone_axe":1,"simpletomb:grave_key":1,"minecraft:wooden_axe":1},"minecraft:crafted":{"minecraft:oak_planks":16,"minecraft:cooked_porkchop":14,"minecraft:crafting_table":1,"minecraft:wooden_pickaxe":1,"minecraft:iron_helmet":1,"minecraft:furnace":1,"minecraft:mangrove_planks":12,"minecraft:bread":67,"minecraft:air":0,"minecraft:iron_boots":1,"minecraft:iron_chestplate":1,"minecraft:shield":1,"minecraft:iron_axe":1,"minecraft:stick":16,"minecraft:iron_ingot":60,"minecraft:iron_pickaxe":1,"minecraft:stone_pickaxe":1,"minecraft:wooden_axe":1,"minecraft:chest":1,"minecraft:iron_leggings":1,"minecraft:oak_button":1,"minecraft:white_bed":1,"minecraft:dark_oak_planks":24,"minecraft:torch":36,"minecraft:wheat":189},"minecraft:picked_up":{"minecraft:crafting_table":3,"minecraft:glow_ink_sac":5,"minecraft:andesite":1,"minecraft:oak_log":10,"minecraft:stripped_mangrove_log":3,"minecraft:string":1,"minecraft:cobbled_deepslate":1,"dynamictrees:oak_seed":6,"minecraft:furnace":1,"minecraft:book":18,"minecraft:stick":9,"minecraft:raw_iron":60,"minecraft:porkchop":14,"minecraft:blast_furnace":2,"minecraft:diorite":1,"minecraft:white_bed":4,"minecraft:dark_oak_log":9,"minecraft:arrow":3,"minecraft:rotten_flesh":2,"minecraft:diamond":1,"minecraft:hay_block":21,"minecraft:emerald":1,"animalium:rat_meat":1,"minecraft:mutton":5,"minecraft:coal":10,"minecraft:white_wool":3,"minecraft:cobblestone":46}},"DataVersion":3465}