{"stats":{"minecraft:used":{"minecraft:cooked_mutton":3,"vampirism:hunter_axe_normal":3,"minecraft:stone_sword":3,"minecraft:stone_pickaxe":131,"minecraft:wooden_pickaxe":25,"simpletomb:grave_key":5,"minecraft:torch":7,"minecraft:dirt":33,"minecraft:crafting_table":5,"minecraft:white_bed":2,"minecraft:black_bed":1,"minecraft:bread":13,"minecraft:iron_pickaxe":3,"minecraft:stone_axe":99,"minecraft:cobblestone":48,"minecraft:furnace":1,"minecraft:potato":7},"minecraft:crafted":{"minecraft:oak_planks":20,"minecraft:crafting_table":1,"minecraft:wooden_pickaxe":1,"minecraft:furnace":1,"minecraft:stone_axe":1,"minecraft:bread":43,"minecraft:cooked_mutton":3,"minecraft:air":0,"minecraft:iron_chestplate":1,"minecraft:stick":8,"minecraft:iron_pickaxe":1,"minecraft:stone_pickaxe":1,"minecraft:stone_sword":1,"minecraft:gold_ingot":9,"minecraft:white_bed":1,"minecraft:torch":4,"minecraft:wheat":126},"minecraft:killed":{"minecraft:pig":6,"minecraft:vindicator":1,"minecraft:sheep":4,"minecraft:pillager":1,"minecraft:zombie":2,"minecraft:cow":3},"minecraft:broken":{"minecraft:stone_pickaxe":1,"minecraft:stone_axe":1},"minecraft:killed_by":{"minecraft:vindicator":1,"minecraft:skeleton":1,"animalium:bear":1},"minecraft:dropped":{"minecraft:bricks":1,"minecraft:wooden_pickaxe":2},"minecraft:custom":{"minecraft:interact_with_furnace":4,"minecraft:mob_kills":17,"minecraft:interact_with_crafting_table":14,"vampirism:interact_with_research_table":1,"minecraft:interact_with_cartography_table":2,"vampirism:interact_with_garlic_diffuser":1,"minecraft:bell_ring":2,"minecraft:interact_with_stonecutter":1,"minecraft:leave_game":4,"minecraft:time_since_death":28666,"minecraft:sleep_in_bed":4,"minecraft:climb_one_cm":4091,"vampirism:interact_alchemical_cauldron":1,"minecraft:time_since_rest":17402,"minecraft:sprint_one_cm":199709,"minecraft:damage_taken":1905,"minecraft:walk_one_cm":286490,"minecraft:drop":3,"vampirism:interact_with_totem":2,"minecraft:damage_dealt":2251,"minecraft:swim_one_cm":2446,"minecraft:fly_one_cm":207849,"minecraft:open_chest":25,"minecraft:crouch_one_cm":3017,"minecraft:play_time":80617,"minecraft:deaths":5,"minecraft:sneak_time":841,"minecraft:walk_under_water_one_cm":18500,"minecraft:boat_one_cm":18608,"minecraft:interact_with_lectern":1,"minecraft:interact_with_brewingstand":1,"minecraft:jump":1429,"minecraft:walk_on_water_one_cm":12634,"minecraft:total_world_time":80617,"minecraft:fall_one_cm":28372},"minecraft:mined":{"minecraft:white_bed":2,"iceandfire:graveyard_soil":1,"minecraft:crafting_table":5,"minecraft:granite":1,"minecraft:grass_block":8,"minecraft:campfire":1,"minecraft:tall_grass":1,"minecraft:copper_ore":1,"minecraft:lapis_ore":1,"minecraft:bricks":1,"minecraft:diorite":10,"minecraft:wall_torch":4,"dynamictrees:oak_leaves":4,"minecraft:hay_block":14,"minecraft:furnace":1,"dynamictrees:oak_undergrowth_leaves":11,"minecraft:iron_ore":1,"minecraft:pumpkin":10,"minecraft:black_bed":2,"minecraft:grass":1,"minecraft:bookshelf":4,"minecraft:oak_log":33,"minecraft:coal_ore":29,"minecraft:dirt":29,"dynamictrees:jungle_undergrowth_leaves":9,"minecraft:stone":84,"minecraft:oak_leaves":4},"minecraft:picked_up":{"minecraft:charcoal":2,"minecraft:crafting_table":5,"minecraft:black_bed":2,"minecraft:leather":2,"minecraft:wooden_pickaxe":1,"minecraft:oak_log":32,"minecraft:lapis_lazuli":4,"minecraft:dirt":36,"minecraft:string":2,"minecraft:raw_copper":5,"minecraft:bone":1,"minecraft:beef":5,"minecraft:light_gray_wool":1,"minecraft:furnace":1,"minecraft:book":12,"minecraft:stick":3,"minecraft:raw_iron":1,"minecraft:pumpkin":10,"minecraft:torch":3,"minecraft:porkchop":12,"minecraft:diorite":10,"minecraft:white_bed":1,"minecraft:arrow":1,"minecraft:rotten_flesh":3,"minecraft:pumpkin_pie":3,"minecraft:hay_block":14,"minecraft:granite":1,"minecraft:emerald":2,"minecraft:oak_sapling":1,"minecraft:mutton":7,"minecraft:bricks":2,"minecraft:coal":29,"minecraft:white_wool":3,"minecraft:cobblestone":81}},"DataVersion":3465}