{"stats":{"minecraft:dropped":{"travelersbackpack:standard":1,"minecraft:brown_wool":1,"travelersbackpack:melon":1,"minecraft:iron_pickaxe":1},"minecraft:broken":{"minecraft:iron_pickaxe":2},"minecraft:used":{"minecraft:chest":1,"minecraft:shield":16,"minecraft:iron_sword":47,"simpletomb:grave_key":1,"minecraft:torch":48,"minecraft:crafting_table":4,"animalium:rat_meat":2,"minecraft:tuff":3,"minecraft:diamond_pickaxe":3,"minecraft:bread":11,"minecraft:iron_pickaxe":750,"minecraft:cobblestone":13,"minecraft:cooked_porkchop":3,"minecraft:cobbled_deepslate":42},"minecraft:custom":{"minecraft:interact_with_furnace":8,"minecraft:mob_kills":14,"minecraft:interact_with_crafting_table":45,"minecraft:leave_game":2,"minecraft:time_since_death":54305,"minecraft:sleep_in_bed":3,"minecraft:climb_one_cm":124,"minecraft:time_since_rest":54477,"minecraft:sprint_one_cm":162214,"minecraft:damage_taken":828,"minecraft:walk_one_cm":171228,"minecraft:damage_blocked_by_shield":670,"minecraft:drop":4,"minecraft:damage_dealt":2228,"minecraft:swim_one_cm":1234,"minecraft:fly_one_cm":99990,"minecraft:open_chest":47,"minecraft:crouch_one_cm":3322,"minecraft:play_time":121904,"minecraft:deaths":1,"minecraft:sneak_time":1150,"minecraft:walk_under_water_one_cm":3384,"minecraft:jump":738,"minecraft:interact_with_blast_furnace":7,"minecraft:walk_on_water_one_cm":1480,"minecraft:total_world_time":121904,"minecraft:fall_one_cm":16472},"minecraft:mined":{"minecraft:deepslate_redstone_ore":2,"minecraft:tuff":42,"minecraft:deepslate_diamond_ore":6,"minecraft:crafting_table":4,"minecraft:torch":1,"minecraft:granite":11,"minecraft:grass_block":1,"unusualprehistory:deepslate_opal_ore":2,"minecraft:lapis_ore":8,"minecraft:wall_torch":3,"twm:ancient_debris_deepslate":1,"minecraft:iron_ore":15,"minecraft:cobbled_deepslate":13,"minecraft:fire":2,"minecraft:deepslate_lapis_ore":4,"minecraft:dirt_path":1,"minecraft:gravel":23,"minecraft:stone":40,"minecraft:gold_ore":1,"minecraft:deepslate":585},"minecraft:killed":{"minecraft:skeleton":11,"minecraft:zombie":2},"minecraft:killed_by":{"epicsamurai:jorogumo":1},"minecraft:crafted":{"minecraft:oak_planks":36,"minecraft:crafting_table":1,"travelersbackpack:backpack_tank":4,"travelersbackpack:standard":2,"minecraft:air":0,"minecraft:glass":13,"travelersbackpack:white_sleeping_bag":2,"minecraft:diamond_pickaxe":1,"minecraft:bow":1,"minecraft:stick":16,"minecraft:iron_pickaxe":3,"minecraft:chest":3,"minecraft:torch":12},"minecraft:picked_up":{"minecraft:crafting_table":4,"travelersbackpack:melon":1,"minecraft:leather":11,"minecraft:flint":2,"minecraft:tuff":40,"unusualprehistory:opal_chunk":2,"minecraft:lapis_lazuli":86,"minecraft:dirt":2,"minecraft:bone":30,"twm:ancient_debris":1,"minecraft:bow":1,"minecraft:cobbled_deepslate":555,"minecraft:raw_gold":1,"dynamictrees:oak_seed":1,"minecraft:iron_pickaxe":1,"minecraft:raw_iron":15,"minecraft:cooked_porkchop":6,"minecraft:torch":13,"minecraft:gravel":21,"minecraft:redstone":9,"minecraft:arrow":27,"minecraft:rotten_flesh":1,"minecraft:diamond":6,"minecraft:granite":11,"animalium:rat_meat":2,"minecraft:cobblestone":40}},"DataVersion":3465}